date,spot,rate_diff,stress,ca_diff,tb_diff,prod_diff,fair_value,z_score,lambda,fit,model_status
2026-06-03,1.62574,-1.8793,0.0,4.305,0.4452,0.2064,,,,,insufficient_history
2026-06-04,1.62716,-1.8963,0.0,4.305,-0.0478,0.2064,,,,,insufficient_history
2026-06-05,1.63411,-1.8764,2.0,4.305,-0.0478,0.839,,,,,insufficient_history
2026-06-08,1.637,-1.9159,1.0,4.305,-0.0478,0.839,,,,,insufficient_history
2026-06-09,1.64126,-1.8643,1.0,4.305,-0.0478,0.839,,,,,insufficient_history
2026-06-10,1.64708,-1.8284,2.0,4.305,-0.0478,0.839,,,,,insufficient_history
2026-06-11,1.64184,-1.8753,2.0,4.305,-0.0478,0.839,,,,,insufficient_history
2026-06-12,1.6418,-1.8217,0.0,4.305,-0.0478,0.839,,,,,insufficient_history
2026-06-15,1.63767,-1.8566,1.0,4.305,-0.2681,0.839,,,,,insufficient_history
2026-06-16,1.64183,-1.895,0.0,4.305,-0.2681,0.839,,,,,insufficient_history
2026-06-17,1.63962,-1.843,1.0,4.305,-0.2681,0.839,,,,,insufficient_history
2026-06-18,1.63264,-1.8599,0.0,4.305,-0.2681,0.839,,,,,insufficient_history
2026-06-22,1.63102,-1.8546,0.0,4.305,-0.2681,0.839,,,,,insufficient_history
2026-06-23,1.64516,-1.8672,1.0,4.305,-0.2681,0.839,,,,,insufficient_history
2026-06-24,1.64492,-1.9045,1.0,4.305,-0.2681,0.839,,,,,insufficient_history
2026-06-25,1.64491,-1.872,1.0,4.305,-0.2681,0.839,,,,,insufficient_history
2026-06-26,1.65076,-1.879,1.0,4.305,-0.2681,0.839,,,,,insufficient_history
2026-06-29,1.65758,-1.898,0.0,4.305,-0.2681,0.839,,,,,insufficient_history
2026-06-30,1.65023,-1.8645,0.0,4.305,-0.2681,0.839,,,,,insufficient_history
2026-07-01,1.65028,-1.9121,0.0,4.305,-0.2681,0.839,,,,,insufficient_history
2026-07-02,1.65089,-1.9246,1.0,4.305,0.3847,0.839,,,,,insufficient_history
2026-07-06,1.64419,-1.8488,0.0,4.305,0.3847,0.839,,,,,insufficient_history
2026-07-07,1.64648,-1.8385,0.0,4.305,0.3847,0.839,,,,,insufficient_history
2026-07-08,1.64657,-1.7956,0.0,4.305,0.3847,0.839,,,,,insufficient_history
2026-07-09,1.64647,-1.8322,0.0,4.305,0.3847,0.839,,,,,insufficient_history
2026-07-10,1.64063,-1.8023,0.0,4.305,0.3847,0.839,,,,,insufficient_history
2026-07-13,1.64416,-1.7929,0.0,4.305,0.3847,0.839,,,,,insufficient_history
2026-07-14,1.63647,-1.8369,0.0,4.305,0.3847,0.839,,,,,insufficient_history
2026-07-15,1.63658,-1.8166,0.0,4.305,0.3847,0.839,,,,,insufficient_history
2026-07-16,1.63477,-1.7584,0.0,4.305,0.2144,0.839,,,,,insufficient_history
2026-07-17,1.6371,-1.7786,1.0,4.0517,0.2144,0.839,,,,,insufficient_history
2026-07-20,1.63033,-1.8143,1.0,4.0517,0.2144,0.839,,,,,insufficient_history
2026-07-21,1.62749,-1.7825,0.0,4.0517,0.2144,0.839,,,,,insufficient_history
2026-07-22,1.63006,-1.7965,0.0,4.0517,0.2144,0.839,,,,,insufficient_history
2026-07-23,1.63161,-1.7965,1.0,4.0517,0.2144,0.839,,,,,insufficient_history
2026-07-24,1.62832,-1.9142,1.0,4.0517,0.2144,0.839,,,,,insufficient_history
2026-07-27,1.6262,-1.8765,1.0,4.0517,0.2144,0.839,,,,,insufficient_history
2026-07-28,1.63175,-1.8623,1.0,4.0517,0.2144,0.839,,,,,insufficient_history
2026-07-29,1.64764,-1.7621,3.0,4.0517,0.2144,0.839,,,,,insufficient_history
2026-07-30,1.63982,-1.8318,1.0,4.0517,0.2144,0.839,,,,,insufficient_history
2026-07-31,1.64118,-1.7364,1.0,4.0517,0.2144,0.839,,,,,insufficient_history
2026-08-03,1.64336,-1.8301,0.0,4.0517,0.2144,0.839,,,,,insufficient_history
2026-08-04,1.63574,-1.8527,0.0,4.0517,0.2144,0.839,,,,,insufficient_history
2026-08-05,1.63596,-1.8043,1.0,4.0517,0.2144,0.839,,,,,insufficient_history
2026-08-06,1.63857,-1.7983,0.0,4.0517,-0.4572,0.839,,,,,insufficient_history
2026-08-07,1.63505,-1.8555,1.0,4.0517,-0.4572,0.839,,,,,insufficient_history
2026-08-10,1.63484,-1.8003,0.0,4.0517,-0.4572,0.839,,,,,insufficient_history
2026-08-11,1.63374,-1.854,0.0,4.0517,-0.4572,0.839,,,,,insufficient_history
2026-08-12,1.63148,-1.846,0.0,4.0517,-0.4572,0.839,,,,,insufficient_history
2026-08-13,1.63254,-1.828,0.0,4.0517,-0.4572,0.839,,,,,insufficient_history
2026-08-14,1.63299,-1.7832,0.0,4.0517,-0.0466,0.839,,,,,insufficient_history
2026-08-17,1.62897,-1.8041,0.0,4.0517,-0.0466,0.839,,,,,insufficient_history
2026-08-18,1.63246,-1.812,0.0,4.0517,-0.0466,0.839,,,,,insufficient_history
2026-08-19,1.6375,-1.7655,1.0,4.5554,-0.0466,0.839,,,,,insufficient_history
2026-08-20,1.6417,-1.7718,0.0,4.5554,-0.0466,0.839,,,,,insufficient_history
2026-08-21,1.628,-1.76,0.0,4.5554,-0.0466,0.839,,,,,insufficient_history
2026-08-22,1.628,-1.76,1.0,4.5554,-0.0466,0.839,,,,,insufficient_history
2026-08-24,1.6315,-1.77,0.0,4.5554,-0.0466,0.839,,,,,insufficient_history
2026-08-25,1.6292,-1.7496,0.0,4.5554,-0.0466,0.839,,,,,insufficient_history
2026-08-27,1.6222,-1.86,0.0,4.5554,-0.0466,0.839,1.639307,-2.3585,100,Solid,computed
2026-08-28,1.6176,-1.83,0.0,4.5554,-0.0466,0.839,1.638219,-2.7302,100,Solid,computed
2026-09-01,1.6187,-1.83,0.0,4.5689,-0.0466,0.839,1.637538,-2.3595,100,Regularized,computed
2026-09-02,1.617,-1.81,0.0,4.8534,-0.0466,0.839,1.636385,-2.331,100,Regularized,computed
2026-09-03,1.6143,-1.8,0.0,4.8534,-0.0466,0.839,1.634665,-2.3554,100,Regularized,computed
2026-09-04,1.6139,-1.8,0.0,4.8669,-0.0458,0.839,1.633232,-2.1502,100,Regularized,computed
